date,open,high,low,close,volume
2019-01-31,4603.280925,4645.485988,4551.756132,4572.126399,29607.190253
2019-02-01,4572.126399,4643.88832,4528.323668,4609.3653773,25260.476159
2019-02-02,4609.538458,4695.013696,4580.3677031,4666.2157303,17920.802
2019-02-03,4665.2704434,4674.6301151,4561.34214,4604.0930729,19867.33639
2019-02-04,4604.0930729,4639.7343832,4571.0746009,4610.8964758,23131.981108
2019-02-05,4610.8964758,4631.8658683,4591.2052177,4622.0402101,25264.41503
2019-02-06,4622.0135823,4636.8585808,4500.0982,4533.8755643,35310.244846
2019-02-07,4536.04573,4561.9412655,4513.4121,4524.595776,18665.538638
2019-02-08,4524.595776,4970.8510762,4490.911609,4871.6092656,47968.058013
2019-02-09,4873.2468753,4899.5418278,4826.4618307,4879.7840002,24759.833719
2019-02-10,4879.7840002,4906.1588361,4805.9983664,4899.5950834,23250.602634
2019-02-11,4899.1823525,4906.039011,4813.6804867,4834.3436595,24954.614571
2019-02-12,4834.3436595,4883.005964,4769.4916526,4834.8895294,29479.59823
2019-02-13,4834.9560989,4886.2013,4782.0200325,4805.519066,25773.997648
2019-02-14,4804.1077926,4828.152696,4750.5459729,4780.4356784,21753.501261
2019-02-15,4780.4489923,4863.8738897,4757.6555955,4796.2925333,20777.872899
2019-02-16,4796.3191611,4857.176998,4790.2213949,4817.5148899,19565.992751
2019-02-17,4815.9305358,4926.2894529,4798.862116,4882.9793362,25690.227779
2019-02-18,4883.0325918,5225.70575,4866.23045,5190.557054,64042.730492
2019-02-19,5188.8928165,5318.2639828,5133.83984,5202.7925281,50207.172667
2019-02-20,5202.2067165,5308.2253022,5153.3580174,5285.2721386,36205.14085
2019-02-21,5285.2721386,5347.5013072,5193.7923317,5242.0951609,31103.884728
2019-02-22,5242.0951609,5309.58332,5227.9025435,5274.96718,23943.16375
2019-02-23,5274.96718,5541.2718078,5236.5565785,5482.3444864,33657.942883
2019-02-24,5482.66402,5589.17522,4942.9983974,4984.1383484,62224.18689
2019-02-25,4984.1383484,5156.0207974,4979.3986,5096.4544088,38102.966245
2019-02-26,5097.1467316,5114.5479989,5028.66003,5071.5707297,28838.748036
2019-02-27,5071.6772409,5111.0065015,4895.7473663,5083.3402173,31500.995466
2019-02-28,5083.3002756,5176.44432,5011.1788793,5077.5087291,32561.961044
2019-03-01,5078.2676214,5135.17123,5076.6033839,5089.90397,23174.57217
2019-03-02,5088.7989163,5114.2817209,5022.3359275,5085.8166027,19445.838355
2019-03-03,5085.8698583,5105.88065,5034.4116348,5069.6002725,16718.16541
2019-03-04,5069.0277748,5099.2237,4887.1199591,4946.513267,34742.84166
2019-03-05,4947.578379,5161.932169,4930.8694345,5136.1431447,32962.536162
2019-03-06,5135.9434362,5201.74073,5076.7098951,5141.6151576,24775.11883
2019-03-07,5141.6151576,5199.610506,5113.070156,5157.3255596,26455.257661
2019-03-08,5157.3122457,5235.02548,5059.282,5145.6758971,34730.366592
2019-03-09,5145.6625832,5287.9482325,5132.1756025,5249.7240256,30979.747653
2019-03-10,5250.2432677,5250.2432677,5168.0432491,5214.8149798,23187.561412
2019-03-11,5213.7099261,5241.6558022,5099.2237,5154.6228379,38066.885705
2019-03-12,5154.6228379,5199.344228,5093.9780234,5169.4278947,26921.008622
2019-03-13,5169.3746391,5183.8468484,5112.5376,5147.15374,24461.008757
2019-03-14,5147.15374,5219.0488,5073.1683977,5161.9587968,27048.74853
2019-03-15,5161.9587968,5244.6381158,5155.408358,5224.0548264,21740.061498
2019-03-16,5224.9867994,5401.4226022,5221.6849522,5333.5217122,28568.376124
2019-03-17,5333.5217122,5341.53668,5259.0038139,5300.4499846,18814.255577
2019-03-18,5301.3952715,5374.82143,5263.4240287,5309.3303559,22454.47801
2019-03-19,5309.3569837,5366.83309,5285.6183,5346.2364867,19893.741815
2019-03-20,5348.8326972,5392.1295,5299.597895,5382.8630256,23432.300255
2019-03-21,5382.8630256,5417.8519548,5165.8065139,5299.7842896,35997.682119
2019-03-22,5300.0638815,5336.21112,5283.2883675,5308.1587327,20022.606318
2019-03-23,5309.4368671,5350.6300737,5296.2827339,5333.5616539,17302.604318
2019-03-24,5333.5616539,5333.5749678,5258.9905,5315.1485302,17179.850648
2019-03-25,5314.0434765,5324.628027,5177.3896069,5240.5108068,33192.890217
2019-03-26,5239.6454033,5270.9463822,5184.43266,5257.0599845,29349.537627
2019-03-27,5257.3528903,5389.46672,5240.5507485,5376.2193895,32364.555852
2019-03-28,5378.2564162,5378.416183,5328.22278,5362.5859559,20089.293875
2019-03-29,5363.1318258,5490.2662569,5357.5533017,5463.0260175,30084.217444
2019-03-30,5464.3440936,5511.9546,5394.79228,5467.9787883,19509.292601
2019-03-31,5468.0054161,5480.1610068,5435.4928723,5463.9579905,13525.087433
2019-04-01,5461.9475916,5536.851593,5414.76313,5518.0257384,25507.067641
2019-04-02,5517.9991106,6521.1349061,5512.6735506,6466.9473331,105383.639263
2019-04-03,6466.8141941,7023.0955639,6328.762365,6567.214314,109890.125743
2019-04-04,6567.2010001,6708.9807212,6360.05003,6522.0269374,61054.254168
2019-04-05,6522.0003096,6694.5218258,6498.0086618,6663.5403805,39768.552806
2019-04-06,6663.5536944,6929.88495,6561.8754401,6715.3847071,41770.842313
2019-04-07,6712.9615773,6968.49526,6691.56614,6883.6457753,37615.486804
2019-04-08,6883.6457753,7063.02395,6708.87421,6972.356291,50178.430782
2019-04-09,6974.3267482,6974.353376,6759.0409852,6856.6585,34067.012311
2019-04-10,6856.6585,7218.79658,6836.68765,7067.3509675,40073.620471
2019-04-11,7066.8317254,7099.8635113,6559.75853,6680.0762443,54696.600686
2019-04-12,6680.0762443,6764.2334062,6472.1796958,6720.8700339,33276.678614
2019-04-13,6719.52533,6788.75761,6662.27556,6717.1554558,17292.456802
2019-04-14,6720.1244555,6860.6393561,6656.95,6831.761507,18281.607739
2019-04-15,6831.7348792,6879.7980582,6590.3805,6690.1681805,29057.191581
2019-04-16,6690.1681805,6920.1924308,6662.1956766,6888.2390708,24242.229493
2019-04-17,6888.2390708,6963.702256,6852.398052,6926.9825198,23307.536134
2019-04-18,6926.4366499,7039.05893,6921.630332,7001.0344316,22619.239001
2019-04-19,7001.0344316,7082.9948,6889.94325,7001.3539652,24611.236323
2019-04-20,7001.3539652,7100.8620538,6963.302839,7045.3564047,19168.908274
2019-04-21,7046.9274449,7075.4724465,6876.62935,6997.9722346,25549.570939
2019-04-22,6999.6630999,7189.506,6934.3451065,7132.4426246,29563.852309
2019-04-23,7132.4426246,7455.784,7099.5173499,7313.7380009,41262.103917
2019-04-24,7310.5426649,7432.085258,7100.7688565,7209.47685,48224.152413
2019-04-25,7209.47685,7311.7808576,6792.75178,6949.722661,49636.089948
2019-04-26,6950.4815533,7335.9589,6872.1292518,7075.139599,48912.294513
2019-04-27,7076.33785,7112.951075,7000.0092613,7050.6287091,15422.896935
2019-04-28,7050.6287091,7109.6226,7002.4190772,7066.3790528,14371.433869
2019-04-29,7069.4279359,7098.97148,6895.002532,6974.0072146,19918.135079
2019-04-30,6974.0072146,7109.5959722,6912.7765885,7084.0732259,22238.06823
2019-05-01,7085.5776966,7192.16878,7077.935518,7167.138648,17217.473216
2019-05-02,7167.138648,7373.23782,7149.5643,7313.1521893,22795.787835
2019-05-03,7315.7350859,7780.64316,7292.7819223,7685.7017391,46297.172849
2019-05-04,7682.9457618,7855.201,7439.0750555,7761.2714355,39682.408991
2019-05-05,7761.7773637,7775.184461,7583.59744,7689.6027118,23822.543775
2019-05-06,7686.3541202,7728.71895,7481.2668046,7652.5501281,25256.596325
2019-05-07,7655.3859888,8026.1647899,7652.4835586,7783.7586126,39905.064422
2019-05-08,7783.7586126,8007.9380608,7685.049358,7971.4180331,23074.05152
2019-05-09,7970.5792574,8287.3036245,7966.6516569,8266.8401602,27453.011436
2019-05-10,8267.8653305,8612.6553988,8217.33908,8485.3878287,36623.61079
2019-05-11,8487.8242724,9777.7148461,8484.7487615,9421.2085458,74022.424393
2019-05-12,9421.2351736,10014.4226742,8986.8825,9276.2068609,86948.975339
2019-05-13,9277.4450536,10784.259,9146.6493,10372.4733869,85804.735333
2019-05-14,10379.0105118,11138.40874,10117.9781884,10581.3019084,76583.722603
2019-05-15,10578.2397114,10982.63611,10451.4115,10877.2832193,37884.327211
2019-05-16,10876.2314212,11077.1648,10258.35995,10473.4992601,69630.513996
2019-05-17,10476.2685513,10551.26575,9203.89907,9792.7196114,88752.008159
2019-05-18,9792.7462392,9929.50662,9528.2389879,9662.4963555,37054.944779
2019-05-19,9662.3232748,11017.3720751,9643.3642812,10848.8047872,65577.442058
2019-05-20,10848.0858366,10858.8567817,10055.98867,10568.7735285,65859.208564
2019-05-21,10567.4554524,10707.4644248,10346.23169,10524.4648693,52301.752247
2019-05-22,10523.9456272,10672.42224,9938.82635,10156.4154177,49136.994589
2019-05-23,10155.576642,10572.5413622,9933.50079,10453.4218989,49648.184701
2019-05-24,10451.3449305,10824.2007,10339.57474,10604.3482693,46664.785325
2019-05-25,10603.8822828,10773.341602,10529.0847926,10684.9506199,28414.328817
2019-05-26,10681.74197,11636.3486,10429.3370538,11469.1659577,49652.144567
2019-05-27,11466.6496306,11860.4481648,11435.30871,11658.0768848,51886.768793
2019-05-28,11653.0176028,11714.2216011,11330.9676757,11603.9159396,31470.551534
2019-05-29,11605.5535493,11649.6625,11192.463174,11510.7718952,33880.865922
2019-05-30,11511.863635,12081.3790214,10657.77695,11009.9828606,70379.998521
2019-05-31,11006.734269,11441.96566,10795.575815,11390.04145,44727.49162
2019-06-01,11390.04145,11484.57014,11240.0736804,11375.4893573,31868.234157
2019-06-02,11376.860689,11735.9099442,11348.76836,11617.6825122,27835.133265
2019-06-03,11617.70914,11717.4968205,10758.696312,10805.3215898,45692.965104
2019-06-04,10805.1085674,10805.1085674,9960.1552178,10234.4348717,74143.948941
2019-06-05,10234.4481856,10513.587413,10082.3235642,10353.554335,48679.656455
2019-06-06,10355.6579312,10475.5496007,9911.6393662,10367.134513,36624.118747
2019-06-07,10368.2928223,10784.259,10301.6168111,10625.1978367,33942.225658
2019-06-08,10623.0809266,10710.5665635,10319.60389,10509.4867318,22657.329634
2019-06-09,10511.6968392,10564.57965,9994.2920574,10156.0160007,31568.465157
2019-06-10,10155.2704223,10677.7478,10000.07029,10628.1535225,36756.078468
2019-06-11,10625.82359,10664.4339,10241.3580997,10497.877011,30334.999427
2019-06-12,10497.877011,10917.398,10370.1833961,10821.0586196,41597.082622
2019-06-13,10821.0586196,11063.6112498,10664.4738417,10942.0819706,30467.764341
2019-06-14,10939.2860516,11562.3366299,10843.2662048,11516.5235,39835.246255
2019-06-15,11517.6951232,11802.7590361,11406.8569057,11727.815093,31791.636039
2019-06-16,11730.5710703,12425.86287,11662.9764,11920.3740287,63289.251219
2019-06-17,11919.93467,12573.64716,11915.9405,12400.5132044,47895.485374
2019-06-18,12398.0767607,12430.3363404,11915.9405,12091.0848545,51554.569401
2019-06-19,12091.6440383,12387.25256,11929.2544,12322.6668311,32147.706495
2019-06-20,12320.3635264,12768.0301,12215.769528,12670.9983968,34556.053982
2019-06-21,12672.2499034,13546.8799361,12672.2499034,13526.7360054,50484.415892
2019-06-22,13526.7360054,14858.3124,13209.6787908,14285.149005,104169.447976
2019-06-23,14284.48331,15168.0469696,14053.0611002,14520.2325373,57445.323945
2019-06-24,14520.0727705,14836.5175457,14140.426912,14720.6333601,43101.045285
2019-06-25,14720.6333601,15776.9715,14679.90614,15738.1747954,61276.686648
2019-06-26,15738.7339792,18599.5183,15631.84999,17432.954382,155930.147386
2019-06-27,17439.0521482,17944.5276756,14013.012889,15084.6353861,173894.820889
2019-06-28,15084.6353861,16615.7472,14622.4966032,16510.0747757,95795.203964
2019-06-29,16518.6356134,16564.5419406,15277.7268778,15847.7082507,69642.074157
2019-06-30,15847.7082507,16216.3302,14333.7846817,14451.040199,84512.530443
2019-07-01,14451.040199,15021.1147692,13353.8417,14145.9255527,90962.268271
2019-07-02,14145.885611,14563.7423625,12950.43053,14436.0620615,109561.038728
2019-07-03,14438.8979222,15965.8824271,14433.6522456,15896.7966,96815.90029
2019-07-04,15896.7966,15976.68,14718.51645,14839.2335813,66512.221892
2019-07-05,14839.2335813,15186.9393937,14374.2722516,14606.3202147,63534.350582
2019-07-06,14621.8708499,15530.66435,14598.0389689,14986.7782211,51469.496331
2019-07-07,14986.7249655,15361.57782,14770.9332743,15186.1538736,38884.795599
2019-07-08,15191.1599,16426.7297617,14938.1958,16294.349654,52182.367215
2019-07-09,16294.349654,17034.7755747,16067.21452,16700.1706399,78442.130343
2019-07-10,16706.9607289,17503.8908412,15402.85091,16120.9627343,109246.044997
2019-07-11,16120.6165729,16125.4362047,14645.29,15101.8103171,87506.461058
2019-07-12,15101.7970032,15823.57015,14742.48147,15653.4451358,56321.858281
2019-07-13,15653.4451358,15710.3753722,14418.9537,15118.9453064,54245.594548
2019-07-14,15118.9719342,15247.07828,13451.03317,13545.8015102,72517.579236
2019-07-15,13545.8015102,14778.429,13127.5054,14430.5634208,81922.426332
2019-07-16,14423.9863542,14682.56892,12448.5098139,12567.7757301,97219.443413
2019-07-17,12555.2340363,13256.65023,12062.3934,12871.7720088,84942.672717
2019-07-18,12873.0235154,14363.03532,12318.02028,14148.8945524,80283.310252
2019-07-19,14150.8650096,14338.6841969,13476.1165576,13985.3066631,56546.932133
2019-07-20,13987.2904342,14737.1425961,13779.8865,14299.4348197,47331.899848
2019-07-21,14299.4880753,14402.843881,13697.34032,14098.6878355,38834.287935
2019-07-22,14099.6198085,14223.4523924,13447.039,13766.9853309,40467.954839
2019-07-23,13770.6732812,13771.8582183,13076.91258,13134.0425249,47624.37071
2019-07-24,13133.8694442,13230.02243,12681.48975,12998.7333592,43475.380377
2019-07-25,12998.893126,13546.89325,12941.1507417,13153.9601193,37873.354728
2019-07-26,13156.9956885,13167.4204722,12830.60543,13079.57536,27167.463217
2019-07-27,13079.57536,13565.0800374,12425.86287,12616.9439628,43809.778301
2019-07-28,12620.1392988,12774.6737361,12202.18935,12703.5109406,29401.022937
2019-07-29,12703.5109406,12953.09331,12508.40905,12658.3768196,29021.937411
2019-07-30,12660.2807073,12933.4952492,12517.72878,12747.0074519,32536.368834
2019-07-31,12748.05925,13460.086622,12721.43145,13421.1168367,39515.35456
2019-08-01,13421.1168367,13936.8041254,13132.1120094,13813.1579361,41727.637028
2019-08-02,13813.17125,14205.9313,13688.4865765,14011.2155125,42990.444221
2019-08-03,14011.2155125,14518.5017303,13976.8390227,14401.4592354,33802.318824
2019-08-04,14401.4592354,14698.5456,14048.82728,14551.0675297,39924.745141
2019-08-05,14552.0793861,15893.4947528,14549.163642,15748.746032,65153.673713
2019-08-06,15750.3437,16416.970673,14947.116113,15286.6072491,76705.389875
2019-08-07,15286.6072491,16164.6323263,15154.9993476,15943.4351917,69173.390353
2019-08-08,15943.4485056,16056.5634,15338.94419,15976.3737803,51207.257174
2019-08-09,15968.9179963,16037.4978952,15577.263,15816.8998861,39427.152588
2019-08-10,15816.8865722,15956.70915,15004.7653,15057.1022409,42633.087048
2019-08-11,15057.0090436,15444.124,14794.5521329,15377.5145583,26772.90691
2019-08-12,15363.0157212,15414.6869671,14958.5926948,15172.6269512,17568.227075
2019-08-13,15175.6492065,15252.6168624,14363.6344455,14502.4451669,33234.72968
2019-08-14,14503.3105704,14508.7958972,13218.173059,13380.9621143,54451.847499
2019-08-15,13387.3394724,13926.3394,13195.40629,13705.2354627,38174.45112
2019-08-16,13709.0166103,14027.5649817,12981.0525,13755.3090406,51758.142918
2019-08-17,13754.7897985,13933.1827446,13313.9,13601.5068678,29000.581201
2019-08-18,13601.5468095,13979.595,13420.4112,13722.3438242,24085.395172
2019-08-19,13721.5316763,14552.0927,13658.197454,14532.8408006,37243.319217
2019-08-20,14531.7623747,14578.6672444,14059.4784,14326.4354089,32298.921679
2019-08-21,14326.4354089,14384.5106407,13124.84262,13503.7162723,47355.719282
2019-08-22,13501.3863398,13636.09638,12997.02918,13446.8792332,34059.642738
2019-08-23,13446.905861,13906.36855,13340.2482081,13832.5429745,27550.336173
2019-08-24,13830.6923424,13872.3115938,13167.4471,13492.7722465,27692.456844
2019-08-25,13493.1184079,13757.25287,13190.0407883,13503.8760391,26271.657398
2019-08-26,13503.8760391,14118.05956,13497.5386227,13809.5099275,41687.511599
2019-08-27,13811.307304,13834.5800012,13381.9074012,13560.2737195,28402.775383
2019-08-28,13561.1258091,13711.98561,12782.6887039,12942.44219,42110.555375
2019-08-29,12942.44219,12946.43636,12408.5548,12646.1280316,35532.69491
2019-08-30,12646.8869239,12909.15744,12449.0423699,12760.7607106,26834.318104
2019-08-31,12758.3908364,12893.8597689,12542.6923425,12764.6616833,17130.290074
2019-09-01,12766.3525486,13087.5637,12674.8328,12947.7411222,19545.404843
2019-09-02,12945.8904901,13913.0255,12931.125375,13766.5726,44740.248093
2019-09-03,13766.5726,14343.06447,13676.03808,14133.0776392,47998.376781
2019-09-04,14128.5109715,14377.68061,13806.3678471,14068.8247578,43943.889026
2019-09-05,14067.3602288,14512.151,13913.0255,14065.4563411,33970.960639
2019-09-06,14063.6456507,14519.9662593,13513.6085,13711.6261347,58799.640959
2019-09-07,13711.5995069,14056.81562,13698.0992123,13920.8540732,27637.877392
2019-09-08,13920.880701,14102.748575,13590.82912,13821.3992402,23984.672018
2019-09-09,13821.4791236,13952.9672,13405.100215,13717.4709368,39835.727608
2019-09-10,13716.7519862,13826.4718361,13251.32467,13444.5759285,28915.412225
2019-09-11,13444.6291841,13703.99727,13154.1332,13524.6989787,31953.824562
2019-09-12,13525.2581625,13911.4411459,13367.1556,13866.4401639,34511.162755
2019-09-13,13866.4401639,13898.38021,13517.60267,13769.3152634,30280.339776
2019-09-14,13772.0712407,13873.0704861,13609.9079387,13759.9422778,23621.533519
2019-09-15,13756.9999059,13793.2004,13649.6099885,13715.9930939,18047.654013
2019-09-16,13717.7638426,13786.54345,13417.74842,13648.4916209,28971.401657
2019-09-17,13646.3214552,13680.03225,13484.3312339,13563.9616698,22914.324563
2019-09-18,13563.5089972,13657.4252478,13447.039,13522.9149161,24250.249303
2019-09-19,13522.1427099,13746.60175,12851.90767,13639.1452631,44826.282579
2019-09-20,13638.359743,13688.02059,13395.6340321,13538.3590401,25088.491069
2019-09-21,13537.4670088,13549.156613,13180.761,13295.7797821,20544.175196
2019-09-22,13294.1288585,13432.39371,13119.4771183,13352.3372293,22049.275256
2019-09-23,13351.2454895,13380.4561861,12802.3400203,12917.4786275,31937.232356
2019-09-24,12917.412058,13040.9517361,10384.842,11307.6816646,94007.345203
2019-09-25,11313.5530945,11623.0347,10938.2209396,11223.6842695,60783.892258
2019-09-26,11223.6842695,11271.5344261,10318.2725,10735.9694847,67930.853749
2019-09-27,10735.6499511,11003.93835,10454.2739885,10887.9875949,43882.924625
2019-09-28,10887.4017833,11070.50785,10652.5712151,10915.8136459,34473.605165
2019-09-29,10916.5725382,10956.1813907,10504.6671,10709.4615098,31544.211388
2019-09-30,10708.4230256,11100.1445914,10265.0169,11036.3443826,55865.48726
2019-10-01,11037.1831583,11316.815,10881.5170395,11040.4716916,43472.418091
2019-10-02,11040.7779113,11148.9400349,10852.4527958,11130.3405166,26243.386644
2019-10-03,11130.4204,11174.35627,10731.0034,10949.2981044,30488.284058
2019-10-04,10949.9238577,10960.5483499,10657.77695,10833.6935107,26476.330404
2019-10-05,10833.6402551,10895.3102399,10668.4014422,10819.1281041,21907.615564
2019-10-06,10820.9387945,10855.9809793,10364.87115,10457.0699075,34676.104049
2019-10-07,10458.467867,11050.4304888,10334.24918,10904.2039251,52202.072297
2019-10-08,10905.1758398,11083.82175,10769.2808625,10875.3127621,35452.657423
2019-10-09,10878.5080981,11543.1513,10804.22985,11397.6836286,55038.704378
2019-10-10,11399.5608885,11508.53516,11203.0077828,11394.0755617,39137.946167
2019-10-11,11393.7959698,11688.9518189,10933.8806082,10995.284315,50405.284418
2019-10-12,10994.5520505,11183.676,10983.9675,11050.6568251,21339.334098
2019-10-13,11053.1731522,11252.0695043,10864.1424,11017.2655639,27840.739953
2019-10-14,11017.5717836,11168.8310015,10921.39217,11114.709998,29810.663253
2019-10-15,11112.9259354,11187.67017,10770.9451,10863.1971131,32773.062476
2019-10-16,10863.210427,10892.3146124,10540.61463,10640.1227186,34733.593966
2019-10-17,10644.4896778,10817.4372388,10556.6312517,10745.0895062,29656.949158
2019-10-18,10745.2625869,10804.22985,10406.1575539,10580.5696439,31353.181416
2019-10-19,10580.4098771,10781.729359,10473.9386188,10581.9010339,26627.889388
2019-10-20,10584.3774193,11046.54283,10478.0393,10948.4859565,34286.452654
2019-10-21,10948.4859565,11094.47287,10840.2173217,10913.7633053,30448.679539
2019-10-22,10913.7766192,11047.8609061,10651.12,10677.7478,34651.828663
2019-10-23,10677.8276834,10714.4808501,9719.147,9940.9832018,63897.457098
2019-10-24,9943.4462733,9990.3245152,9769.7265061,9868.8085499,32714.383265
2019-10-25,9868.8085499,11714.90061,9800.36179,11523.2070778,90748.218174
2019-10-26,11524.3520732,13806.5143,11277.3792282,12288.7297,162588.585413
2019-10-27,12288.7297,13040.9384222,12081.4855326,12688.0535027,93833.541604
2019-10-28,12685.7901397,13183.556919,12195.5324,12255.6313446,80174.217323
2019-10-29,12254.7126855,12714.7745,12078.37008,12525.2111918,64158.462446
2019-10-30,12525.2111918,12528.1668776,11983.8547039,12188.5026608,55241.786434
2019-10-31,12187.5706878,12521.72295,11866.67907,12170.0362815,54376.024902
2019-11-01,12170.0495954,12353.96781,12022.4517,12290.8732379,43594.814115
2019-11-02,12290.593646,12480.1036986,12230.4281319,12367.9740328,28923.060828
2019-11-03,12368.4133915,12465.2320723,12070.5681346,12241.7449469,27894.378279
2019-11-04,12244.0748794,12666.4184152,12136.7382176,12506.2122565,45894.456277
2019-11-05,12504.947436,12588.2258805,12216.5151064,12393.4568374,45935.873665
2019-11-06,12392.2186447,12569.5331649,12315.3708139,12433.9177795,37336.170372
2019-11-07,12434.0642324,12481.78125,12116.98039,12270.356518,39117.470853
2019-11-08,12267.42746,12330.00279,11577.76744,11681.2563847,62107.289243
2019-11-09,11681.2696986,11822.7432,11616.2179832,11728.7603799,29469.481405
2019-11-10,11728.4541602,12178.4772941,11649.6625,12035.0599633,34422.029797
2019-11-11,12035.9786224,12078.7961248,11474.8243652,11627.3883453,44888.053545
2019-11-12,11627.5081704,11833.39432,11406.816964,11745.4426966,40366.629471
2019-11-13,11745.4027549,11776.1312361,11585.75578,11685.7697968,26810.116918
2019-11-14,11686.3289806,11716.232,11426.787814,11512.1032852,33468.468961
2019-11-15,11511.7038682,11702.9181,11183.676,11279.1766047,46087.417751
2019-11-16,11279.0301518,11374.06477,11183.676,11304.8591178,20902.299752
2019-11-17,11304.4863286,11496.55265,11118.0118452,11320.010336,27009.037082
2019-11-18,11320.6360893,11321.5014928,10731.0034,10900.3162663,43017.69094
2019-11-19,10899.424235,10942.2017957,10655.11417,10829.0469596,43556.061025
2019-11-20,10829.2999237,11002.9930631,10702.245376,10781.6095339,32466.23098
2019-11-21,10782.3417984,10830.4981747,9985.425,10155.4967586,58418.780261
2019-11-22,10155.5633281,10318.2725,9040.1381,9676.8487397,126603.140259
2019-11-23,9676.8487397,9778.3672272,9426.2545139,9734.5511823,50449.894755
2019-11-24,9733.925429,9759.6079421,9134.66679,9190.9579592,67890.206483
2019-11-25,9186.8972197,9822.5826891,8674.00585,9465.6104023,119645.735197
2019-11-26,9466.1695861,9772.4026,9343.0026972,9527.6132346,65722.39769
2019-11-27,9525.7626025,10191.79045,9106.7076,9996.7684428,92452.87349
2019-11-28,9995.942981,10175.81377,9799.0304,9878.2347911,56933.981109
2019-11-29,9876.9433428,10451.4115,9802.092597,10304.5325552,60745.300873
2019-11-30,10306.2766761,10398.1559,9906.87299,10041.1969271,46989.433619
2019-12-01,10039.5193757,10041.1436715,9599.3219,9840.1570371,60769.342313
2019-12-02,9840.969185,9879.6593784,9520.903029,9711.5314492,46330.25604
2019-12-03,9711.7178438,9852.286,9641.0609765,9709.4411669,33149.477487
2019-12-04,9709.4411669,10318.2725,9408.93313,9578.4457048,83147.149142
2019-12-05,9578.8051801,9965.45415,9519.4385,9837.64071,59306.678855
2019-12-06,9837.64071,10105.2900417,9725.80395,10021.9982833,48189.087944
2019-12-07,10022.437642,10144.6858718,9945.6963224,9969.7279119,31498.684173
2019-12-08,9968.5296609,10070.63396,9818.8148554,9998.8853529,29856.897631
2019-12-09,9998.8853529,10185.1335,9683.19947,9770.5919096,46621.887493
2019-12-10,9770.5919096,9862.404564,9528.891369,9618.1344407,49723.76214
2019-12-11,9618.1610685,9686.527945,9487.0324674,9599.3219,30093.091944
2019-12-12,9599.3219,9712.49005,9426.640617,9583.4517312,42288.600932
2019-12-13,9583.0256864,9731.1960795,9573.7059564,9663.8676872,27609.873795
2019-12-14,9662.3898443,9681.5618603,9335.70668,9405.0055295,29561.985967
2019-12-15,9405.1253546,9586.407417,9330.8471065,9477.6195401,26395.778137
2019-12-16,9478.964244,9519.4385,9101.38204,9175.5670908,43863.993059
2019-12-17,9175.1943016,9242.7889719,8733.9184,8818.8877098,53865.069929
2019-12-18,8818.9143376,9905.5416,8567.49465,9689.6300837,95636.651251
2019-12-19,9689.6300837,9825.6582,9370.7355509,9519.837917,55509.049075
2019-12-20,9521.1826209,9612.6358,9425.575505,9569.8049837,32132.069205
2019-12-21,9570.0446339,9573.4663062,9459.52595,9496.4720225,19467.174028
2019-12-22,9494.9276101,10010.1089706,9482.7853333,9987.3422016,39137.45515
2019-12-23,9986.3702869,10245.5519782,9673.6667176,9741.9004551,68051.997203
2019-12-24,9742.180047,9901.1213852,9528.8114856,9660.2596203,43629.494188
2019-12-25,9660.2596203,9681.5618603,9491.2929154,9592.1723357,27492.044323
2019-12-26,9592.6782639,9898.88465,9528.9179968,9588.67078,36259.761076
2019-12-27,9588.67078,9687.0072454,9421.4748238,9658.8882886,33642.701861
2019-12-28,9658.9282303,9805.7006639,9637.4928513,9740.6356346,26848.982199
2019-12-29,9739.5971504,10023.3030455,9703.17032,9836.6288536,31387.106085
2019-12-30,9836.8818177,9863.2566536,9612.6358,9647.25194,29605.911782
2019-12-31,9647.25194,9745.7748,9512.7948639,9579.6572697,25954.453533
2020-01-01,9579.6705836,9659.23445,9552.9229585,9587.1396815,16792.388165
2020-01-02,9587.0331703,9602.650375,9219.5295886,9274.0766369,31951.483932
2020-01-03,9273.7837311,9858.94295,9148.0339456,9779.0062944,68428.500451
2020-01-04,9779.05955,9857.61156,9682.1476719,9791.1885129,29987.974977
2020-01-05,9791.2950241,9978.76805,9743.11202,9797.3661625,38331.085604
2020-01-06,9795.8883196,10378.6377226,9781.4027964,10328.92362,54635.695316
2020-01-07,10330.121871,10927.6230752,10283.2702569,10844.5443392,91171.684661
2020-01-08,10845.3964288,11256.90245,10478.0393,10725.6512122,112622.64264
2020-01-09,10723.9736608,10725.6245844,10318.2725,10408.4874864,64239.51983
2020-01-10,10408.4608586,10916.06661,10214.42408,10913.4304578,82406.777448
2020-01-11,10915.8802154,11032.3502126,10655.3271924,10677.7611139,54810.032667
2020-01-12,10677.7611139,10913.40383,10597.8644,10897.4005222,38131.494336
2020-01-13,10897.3872083,10912.07244,10725.5313871,10798.0255726,31159.755683
2020-01-14,10798.0255726,11822.7432,10791.6349006,11729.5592139,120399.126742
2020-01-15,11735.7235496,11871.3123072,11402.02396,11744.7370599,84816.297606
2020-01-16,11742.8731139,11795.8624359,11431.31454,11609.7341139,51991.074284
2020-01-17,11609.9205085,12037.9623935,11546.3998916,11867.0518592,70897.737377
2020-01-18,11867.0385453,11967.7049432,11724.7262682,11870.6199844,38294.746545
2020-01-19,11869.4616751,12247.4299822,11271.54774,11585.356363,70676.889259
2020-01-20,11585.3829908,11645.6550161,11345.1469792,11506.3383665,38896.639746
2020-01-21,11506.3383665,11701.58671,11300.83832,11631.0629817,36494.687659
2020-01-22,11631.0762956,11740.19702,11436.6401,11559.6072804,29080.557138
2020-01-23,11560.1531503,11572.1889159,11059.0445821,11189.6938828,48165.944597
2020-01-24,11189.6938828,11354.1205478,10967.99082,11235.60021,41687.529529
2020-01-25,11235.5868961,11251.9230514,10990.491311,11104.5648062,25521.157932
2020-01-26,11103.8059139,11474.0921007,11042.0959874,11469.92485,31130.485164
2020-01-27,11469.1127021,11982.51,11363.41365,11859.4496223,53973.542996
2020-01-28,11859.4496223,12515.066,11799.310736,12480.7294519,74584.853765
2020-01-29,12482.2339226,12580.6236436,12270.09024,12383.9640267,53864.065122
2020-01-30,12384.0172823,12752.05342,12254.6993716,12665.7926619,60626.744259
2020-01-31,12663.5426128,12688.4396058,12262.1152139,12452.3442171,45552.022352
2020-02-01,12450.7731769,12600.9805967,12356.63059,12494.5759079,28578.067354
2020-02-02,12494.3096299,12617.6229717,12142.2768,12423.8790989,45690.91254
2020-02-03,12423.9856101,12806.3608181,12294.05526,12371.5954136,50892.133451
2020-02-04,12370.4104765,12448.4965,12106.3425839,12244.8204578,53308.175266
2020-02-05,12244.8204578,12973.6632855,12218.4589358,12797.3739356,64870.415615
2020-02-06,12797.3606217,13130.9270723,12683.2871265,13010.34308,64949.706588
2020-02-07,13010.34308,13160.79015,12954.4247,13065.9019847,43966.114632
2020-02-08,13066.0883793,13234.0166,12870.6935829,13174.1706195,43600.843666
2020-02-09,13174.1573056,13534.91074,13155.1317425,13515.9384325,43408.475616
2020-02-10,13515.8984908,13564.20132,12989.04084,13116.6279437,59573.084619
2020-02-11,13116.5081186,13744.7244901,12914.483,13610.9064812,62422.395224
2020-02-12,13610.9064812,13913.0255,13610.9064812,13748.5455794,61008.06393
2020-02-13,13747.0411087,13979.595,13420.4112,13619.6270857,79344.358759
2020-02-14,13617.1640142,13821.9051684,13462.1769043,13772.3774604,47038.480173
2020-02-15,13772.3774604,13813.17125,13048.95339,13187.0451608,57657.202947
2020-02-16,13186.6989994,13380.4695,12832.0965868,13203.7541053,60023.999537
2020-02-17,13195.006873,13266.1829824,12585.1903113,12922.47134,70261.011901
2020-02-18,12922.47134,13646.7475,12749.4039539,13533.1932469,70604.124019
2020-02-19,13533.2864442,13646.7475,12448.4965,12773.0760681,55162.586895
2020-02-20,12774.2210635,12913.15161,12515.066,12776.5776238,60152.342914
2020-02-21,12777.6294219,12988.3884589,12715.0540919,12883.9275995,42181.554524
2020-02-22,12883.9275995,12926.6918463,12728.1150278,12849.0584954,24636.757623
2020-02-23,12849.0451815,13300.5861,12841.25655,13229.223596,37702.089843
2020-02-24,13229.223596,13300.5861,12613.0030484,12856.0749207,55796.59612
2020-02-25,12855.2627728,12881.19825,12315.3575,12403.0162176,54379.344552
2020-02-26,12403.8683072,12485.0298416,11494.7286457,11696.5939975,92130.345482
2020-02-27,11697.59254,11944.9248603,11358.08809,11747.1335619,72483.578762
2020-02-28,11747.1868175,11849.371,11243.58855,11573.6534449,71155.208977
2020-02-29,11570.844212,11702.9181,11348.1692345,11348.2491179,36748.183035
2020-03-01,11348.2491179,11649.6625,11198.32129,11359.2597132,43892.201779
2020-03-02,11357.156117,11936.9098925,11314.15222,11869.6613836,60401.31773
2020-03-03,11864.2559402,11875.5328135,11517.85489,11663.0695973,55154.997282
2020-03-04,11663.0695973,11780.5248231,11529.8374,11650.8208093,38696.482578
2020-03-05,11650.9805761,12194.7601938,11645.0558906,12055.3104052,58201.866355
2020-03-06,12055.2571496,12208.8463,11963.204845,12158.0937132,43782.948044
2020-03-07,12156.7756371,12232.81132,11762.83065,11831.6102574,45422.204525
2020-03-08,11829.7329975,11831.7433964,10651.12,10695.4686009,77537.315166
2020-03-09,10697.3991164,10889.8515409,10161.1817939,10557.7496193,116968.863268
2020-03-10,10557.7496193,10849.49711,10288.9952339,10510.7382384,86783.443875
2020-03-11,10510.7515523,10624.4922,10105.2501,10563.9405828,79942.411172
2020-03-12,10564.0204662,10606.0790763,5871.4299,6390.672,261505.608653
2020-03-13,6390.6853139,7928.42745,5035.4900607,7427.292254,402201.673764
2020-03-14,7423.8972095,7509.7319228,6730.3495307,6886.0289634,136910.135974
2020-03-15,6886.5881472,7908.4566,6780.902409,7137.981207,139916.146534
2020-03-16,7136.6897587,7143.4665338,5914.1941468,6695.5203683,227276.92276
2020-03-17,6695.3739154,7355.92975,6552.3693155,7073.1957696,150089.926318
2020-03-18,7073.1957696,7237.6623763,6669.4251243,7180.2395256,137127.634894
2020-03-19,7180.5324314,8520.896,6993.1659167,8204.5177943,199020.873439
2020-03-20,8204.0917495,9186.591,7548.9813,8265.7484204,219298.329514
2020-03-21,8260.7024523,8596.7586022,7801.9720278,8237.2833022,128913.668363
2020-03-22,8237.3631856,8531.3740393,7634.2035739,7743.6172041,119115.990527
2020-03-23,7743.4308095,8787.174,7572.94632,8610.5118609,164674.215785
2020-03-24,8607.7691975,9097.38787,8482.7250487,8979.8527608,151138.009878
2020-03-25,8979.8128191,9263.7583644,8587.4655,8890.2635277,132155.734989
2020-03-26,8890.2502138,9026.8242,8667.3489,8970.0537304,83026.555211
2020-03-27,8969.9339053,9110.1559001,8335.83279,8466.4554629,82914.968354
2020-03-28,8466.4554629,8467.6404,8020.29336,8303.4134435,93159.693429
2020-03-29,8303.4134435,8342.48974,7810.6793184,7830.4637738,63311.627714
2020-03-30,7829.238895,8785.84261,7798.9630864,8513.4135882,118889.549992
2020-03-31,8513.5067855,8684.9631897,8416.248746,8534.7957116,72337.595259
2020-04-01,8537.0590746,8893.6053166,8188.1949529,8844.3172588,97500.7524
2020-04-02,8844.9030704,9583.34522,8721.93589,9045.5834851,149299.906871
2020-04-03,9045.2772654,9383.63672,8789.969919,8965.713399,104080.276939
2020-04-04,8964.2089283,9306.9619699,8853.7568139,9129.3279161,72990.861139
2020-04-05,9129.8870999,9180.6530006,8890.3833528,9017.2115642,49685.356983
2020-04-06,9017.2115642,9792.5598446,9006.85335,9758.955561,118052.000832
2020-04-07,9758.955561,9931.7566691,9422.24703,9582.4398748,103585.168918
2020-04-08,9582.4398748,9878.9138,9519.4385,9800.7345792,76059.145838
2020-04-09,9799.3765614,9814.9005688,9463.6266312,9697.2323206,61094.872417
2020-04-10,9697.2323206,9713.4885925,8973.5419722,9131.8974988,104674.623375
2020-04-11,9131.8974988,9245.571577,9000.1964,9155.7426937,45470.293206
2020-04-12,9155.7560076,9555.38603,9026.8242,9191.6369681,73868.666501
2020-04-13,9191.6369681,9191.6369681,8753.88925,9103.9249949,96415.476573
2020-04-14,9104.0980756,9290.43942,8992.5808492,9144.918493,69068.623285
2020-04-15,9144.7454123,9230.52687,8793.83095,8815.4527236,61571.384994
2020-04-16,8815.4660375,9572.6941,8611.7899953,9455.4518966,125009.857539
2020-04-17,9455.5184661,9516.9354868,9283.7558422,9356.4097945,54126.509763
2020-04-18,9355.3846242,9709.9337812,9338.902016,9650.713554,49488.542819
2020-04-19,9650.713554,9674.0794485,9393.755284,9480.4820286,45664.86393
2020-04-20,9481.360746,9612.6358,8988.21389,9089.1731937,90149.49137
2020-04-21,9092.0356822,9239.8466,9002.85918,9108.5316043,60109.710808
2020-04-22,9108.5182904,9527.9327682,9077.41702,9486.3401446,61486.377334
2020-04-23,9486.3135168,10302.29582,9346.3578,9961.9792221,102773.569561
2020-04-24,9964.0695044,10139.8129844,9836.30932,9992.08195,60182.119939
2020-04-25,9992.08195,10258.35995,9893.6522873,10036.9098513,43874.427726
2020-04-26,10037.3891517,10251.703,9958.7972,10242.516409,50522.616209
2020-04-27,10242.516409,10374.2175078,10126.55234,10351.0513218,65441.339576
2020-04-28,10349.5734789,10358.2142,10197.2757768,10303.6005822,46302.752638
2020-04-29,10303.0680262,11919.7882171,10265.0834695,11687.7003123,183546.887514
2020-04-30,11687.7136262,12594.9494,11185.00739,11476.5818,206277.214124
2020-05-01,11476.5818,12061.3016602,11468.0076484,11752.1262744,91468.815059
2020-05-02,11750.4087813,11995.8239,11653.65667,11945.2976495,59002.08755
2020-05-03,11946.0032862,12248.788,11599.06968,11841.5956824,90126.065643
2020-05-04,11841.5823685,11915.9405,11346.10558,11812.0388244,84418.512331
2020-05-05,11811.9855688,12140.3862262,11662.9764,12011.5742437,76480.765342
2020-05-06,12010.9484904,12508.40905,11857.6389319,12172.7922588,105925.30242
2020-05-07,12173.431326,13403.10313,12010.46919,13295.793096,147154.611378
2020-05-08,13295.659957,13361.7767844,12921.13995,13047.6353139,100683.7964
2020-05-09,13047.6486278,13199.7333075,12674.8328,12700.661766,81950.679567
2020-05-10,12700.262349,12747.8329137,10806.89263,11613.4087503,183865.182028
2020-05-11,11613.4087503,12206.18352,10917.398,11398.7221128,168807.251832
2020-05-12,11399.4144356,11953.5655814,11355.1324042,11730.5976981,86522.780066
2020-05-13,11730.8639761,12512.40322,11706.8989561,12394.4021243,92466.274018
2020-05-14,12394.3754965,13232.68521,12324.3576964,13036.9442522,129565.37747
2020-05-15,13036.9309383,13108.3600118,12182.2185,12403.7884238,115890.761516
2020-05-16,12403.1759844,12765.36732,12275.4158,12490.1290653,59587.627862
2020-05-17,12489.5166259,13164.78432,12411.350719,12887.9084556,68647.764323
2020-05-18,12889.3330429,13247.3305,12600.5811797,12959.6570627,82006.603583
2020-05-19,12959.6570627,13177.0464219,12613.58886,13015.0428867,78539.760454
2020-05-20,13014.5103307,13103.54038,12416.54314,12663.4227877,74923.73809
2020-05-21,12663.4227877,12752.6791733,11736.20285,12073.9099235,108928.780969
2020-05-22,12072.3921389,12343.31669,11893.9991928,12208.8463,58943.131024
2020-05-23,12208.8463,12392.3784115,12075.7073,12221.0285185,43526.296966
2020-05-24,12220.8421239,12379.26422,11583.093,11610.1734726,70379.86645
2020-05-25,11607.2444146,11955.4295274,11506.8309808,11849.8369865,62833.910949
2020-05-26,11849.8369865,12006.0356613,11583.093,11771.0586402,58299.770138
2020-05-27,11770.81899,12282.07275,11731.8492047,12254.2067573,68910.355514
2020-05-28,12254.2067573,12815.2545033,12128.9629,12749.2441871,74110.787662
2020-05-29,12749.2175593,12788.3471114,12421.8687,12551.1067273,57374.362961
2020-05-30,12550.480974,12967.7386,12423.5063097,12911.4474308,55665.27254
2020-05-31,12911.4474308,12914.483,12490.3154599,12579.3321953,48333.786403
2020-06-01,12579.3321953,13819.8282,12543.9172213,13581.2031703,76649.12696
2020-06-02,13583.7860669,13618.7749961,12336.65974,12672.2232756,108970.773151
2020-06-03,12672.1966478,12901.1691,12468.7469419,12869.5352736,46252.644939
2020-06-04,12869.6417848,13156.3033657,12581.6355,13033.0565934,57456.100969
2020-06-05,13031.8317146,13120.5156025,12756.04759,12809.5162124,47788.05005
2020-06-06,12809.5295263,12961.08165,12689.5446595,12869.615157,32752.950893
2020-06-07,12870.3474215,13050.28478,12478.3995194,12977.0450161,57952.848385
2020-06-08,12977.0450161,13047.622,12825.27987,13023.6702939,40664.664125
2020-06-09,13023.65698,13150.13903,12741.4023,13010.9155777,46024.001289
2020-06-10,13010.9288916,13304.2074808,12920.0482102,13160.79015,47130.762982
2020-06-11,13161.0830558,13265.96996,12132.95707,12355.831756,94418.98473
2020-06-12,12353.8080432,12724.2539968,12292.0714889,12601.7794307,50119.066932
2020-06-13,12601.5530944,12641.1885747,12449.82789,12612.7101426,27759.784851
2020-06-14,12612.7101426,12622.8952761,12308.70055,12437.978519,30055.506608
2020-06-15,12437.978519,12641.54805,11863.2840255,12549.7087678,86107.924707
2020-06-16,12549.7487095,12766.69871,12479.2382951,12682.2752701,52052.446927
2020-06-17,12684.1125883,12734.74535,12297.5301879,12601.7927446,48046.411152
2020-06-18,12601.7794307,12633.55971,12355.2992,12496.8525848,37381.953765
2020-06-19,12496.8525848,12566.058237,12269.8106481,12395.5471197,45330.983673
2020-06-20,12395.5471197,12508.40905,12210.1111205,12460.4124405,30329.065384
2020-06-21,12460.4124405,12544.35658,12357.3495406,12374.8573191,24316.926234
2020-06-22,12374.8573191,13020.9942,12351.4248551,12895.4308091,57895.468343
2020-06-23,12895.4308091,12941.1108,12750.7619717,12814.4822971,41031.02938
2020-06-24,12813.7367187,12874.5413,12259.43912,12377.2538211,61571.561464
2020-06-25,12379.7035787,12435.1826,11995.4111691,12314.6784911,55831.619156
2020-06-26,12314.6784911,12379.26422,12043.0216755,12198.4747719,50292.298277
2020-06-27,12198.4747719,12243.7819736,11760.16787,11998.48668,46290.930113
2020-06-28,11998.48668,12236.80549,11913.3576034,12137.4172265,30688.176421
2020-06-29,12137.1642624,12299.38082,12015.3553913,12238.8824584,42120.293261
2020-06-30,12239.3750727,12255.44495,12068.9038971,12166.9740845,31463.162801
2020-07-01,12166.3483312,12371.27588,12089.154339,12291.39248,38488.528699
2020-07-02,12291.3791661,12331.2809244,11902.6266,12097.7284906,45725.168076
2020-07-03,12097.7284906,12148.93375,12032.3971833,12060.0767814,28943.420177
2020-07-04,12059.4510281,12235.4741,12035.8188556,12162.8600894,26441.968484
2020-07-05,12162.24765,12175.8810836,11840.0912117,12074.9217799,34073.653627
2020-07-06,12074.9217799,12481.78125,12056.9613288,12440.774438,54463.132277
2020-07-07,12438.4711333,12487.6659938,12252.78217,12325.1964721,34587.336678
2020-07-08,12325.209786,12608.2633,12290.06109,12563.0759234,56140.517781
2020-07-09,12563.0759234,12569.3733981,12195.5324,12291.9649777,48044.450645
2020-07-10,12291.9516638,12405.1996972,12148.93375,12366.4029926,38295.494006
2020-07-11,12366.4029926,12380.9683992,12219.8302675,12294.0952017,22561.366
2020-07-12,12294.0818878,12441.83955,12192.203925,12385.5883225,30872.702286
2020-07-13,12386.3339009,12440.2685098,12249.9729371,12305.5318418,42740.069115
2020-07-14,12305.5185279,12354.6867606,12132.95707,12323.1461315,45772.552509
2020-07-15,12323.1461315,12350.6260211,12196.2912923,12245.592664,39053.579665
2020-07-16,12245.592664,12283.6038485,12045.4181775,12160.5434708,43375.571191
2020-07-17,12160.5434708,12231.2535937,12102.0821359,12187.9701048,28054.358741
2020-07-18,12187.9567909,12274.483827,12143.741329,12209.2190892,22554.541457
2020-07-19,12209.245717,12291.7519553,12117.4463765,12260.7571961,26052.019417
2020-07-20,12260.7571961,12277.4395128,12156.92209,12196.5708842,35458.764082
2020-07-21,12196.5708842,12565.2993447,12185.946392,12501.7521,60413.582486
2020-07-22,12501.7521,12706.78616,12330.00279,12672.3830424,48815.004107
2020-07-23,12672.3830424,12866.55296,12568.7609587,12785.6976453,51856.2335
2020-07-24,12785.6976453,12830.60543,12599.5293816,12698.531542,43931.136205
2020-07-25,12698.930959,12958.285731,12665.51307,12915.0421838,40679.545416
2020-07-26,12915.0421838,13461.68429,12847.9135,13222.7530406,65279.269319
2020-07-27,13222.7530406,15171.0026554,13203.6742219,14685.1784444,150188.933144
2020-07-28,14685.1784444,14967.7925997,14066.13535,14520.4988153,97267.734187
2020-07-29,14520.4988153,15101.7171198,14394.98868,14779.1346367,76838.094233
2020-07-30,14779.1213228,14871.6263,14420.28509,14777.9097579,60794.826456
2020-07-31,14778.1494081,15236.42716,14592.0344,15091.9180894,70063.660974
2020-08-01,15091.9180894,15791.61679,14938.1958,15711.9597263,85087.485126
2020-08-02,15711.9597263,16141.0534094,14004.225715,14740.2846765,97553.077604
2020-08-03,14740.2979904,15275.03747,14560.08104,14937.9428359,56931.841475
2020-08-04,14937.7697552,15197.7902222,14645.29,14900.8769383,58629.113709
2020-08-05,14900.9035661,15685.0123927,14769.10927,15637.0557249,74970.256852
2020-08-06,15637.0557249,15843.541,15394.196875,15660.4216194,63529.08502
2020-08-07,15660.4349333,15856.7750166,15073.99758,15436.4418797,65755.926022
2020-08-08,15436.6149604,15721.4125953,15326.96168,15659.0236599,41858.16104
2020-08-09,15658.5044178,15706.5542829,15340.2356383,15552.8719352,41493.067342
2020-08-10,15552.8852491,16066.3491165,15244.4155,15834.1147588,84952.337887
2020-08-11,15834.088131,15890.13965,14811.71375,15167.3013912,90748.284634
2020-08-12,15167.3147051,15467.4499528,14844.9985,15396.6333187,64909.613644
2020-08-13,15396.6466326,15701.0290144,15005.2446004,15683.7742,70132.491502
2020-08-14,15683.4679803,15776.9715,15489.4312017,15657.8653506,59818.852697
2020-08-15,15657.8786645,15950.0522,15550.6352,15780.166836,56237.90505
2020-08-16,15780.166836,15885.7726908,15558.62354,15858.18629,41368.236906
2020-08-17,15858.1729761,16599.77052,15670.1673942,16350.9736707,84734.21154
2020-08-18,16351.0002985,16492.9531003,15734.2738227,15903.4668639,75923.835527
2020-08-19,15903.586689,16003.4143112,15392.19979,15649.9435801,73940.169606
2020-08-20,15649.6639882,15827.56432,15534.65852,15781.6979345,46085.254351
2020-08-21,15781.6846206,15814.25042,15292.0925759,15352.7107626,64448.306142
2020-08-22,15352.5643097,15558.62354,15146.9710659,15527.9483144,43678.701646
2020-08-23,15528.6805789,15601.3212173,15329.7975407,15508.2038007,37900.00469
2020-08-24,15508.1904868,15743.553611,15424.2729751,15641.435998,46212.391867
2020-08-25,15641.4226841,15667.5978115,14801.9147196,15069.2312038,69590.923272
2020-08-26,15069.2312038,15363.3352548,14970.14916,15259.6332877,53998.231231
2020-08-27,15259.6199738,15433.739158,14811.71375,15085.1546282,63246.036383
2020-08-28,15085.1546282,15367.7687835,15013.9385771,15346.8127049,45953.908365
2020-08-29,15346.799391,15417.5228278,15200.5328856,15265.5047176,32973.7992
2020-08-30,15265.5047176,15602.55941,15255.06662,15592.1213124,43177.879054
2020-08-31,15592.1346263,15711.4271703,15404.1823,15510.0411189,55353.617744
2020-09-01,15510.0411189,16044.3811815,15330.95585,15872.7916383,78148.193668
2020-09-02,15872.7916383,15916.1949523,14858.445539,15162.5882706,87221.845602
2020-09-03,15162.5882706,15261.191014,13261.709512,13501.4262815,121950.106015
2020-09-04,13498.0179231,14148.7480995,13148.141945,13908.0327875,92733.599113
2020-09-05,13908.0327875,14067.0406952,13080.90675,13535.8293991,90001.605568
2020-09-06,13535.8293991,13776.0787246,13307.0566554,13655.002118,56368.788815
2020-09-07,13654.5893871,13860.7684425,13147.47625,13811.0942816,62620.230676
2020-09-08,13811.1075955,13897.04882,13114.1915,13482.5205435,73491.878418
2020-09-09,13482.5338574,13770.56677,13288.6169039,13605.740688,49347.113776
2020-09-10,13605.8605131,13957.4273565,13408.2023537,13762.4053493,58253.75375
2020-09-11,13762.3920354,13843.260664,13580.178,13830.3328671,43830.254467
2020-09-12,13830.3328671,13950.2644783,13672.3767575,13900.9364788,35379.153096
2020-09-13,13900.6036313,14086.2526529,13580.178,13757.0265337,43837.609865
2020-09-14,13757.0398476,14312.4425,13596.6073526,14208.2878603,67059.291361
2020-09-15,14208.2878603,14552.1459556,14121.3614072,14359.4538809,61822.452786
2020-09-16,14359.3473697,14769.10927,14194.2416958,14584.0593739,64991.51244
2020-09-17,14584.0593739,14705.8149894,14306.8906037,14565.3932861,55601.614529
2020-09-18,14565.4066,14695.9227617,14396.1070476,14556.6061121,47266.728275
2020-09-19,14556.619426,14884.6606081,14495.3355443,14752.6666035,38440.036858
2020-09-20,14752.6532896,14752.6532896,14276.49497,14539.1515892,39157.922565
2020-09-21,14539.1515892,14630.4583154,13708.4574265,13869.3825358,70683.431179
2020-09-22,13869.3825358,14076.4003669,13783.88067,14019.0174579,43991.235476
2020-09-23,14019.0174579,14029.0561385,13496.0607798,13635.3774294,51876.568079
2020-09-24,13635.3774294,14372.6745836,13568.1022927,14294.2290848,57676.619427
2020-09-25,14294.2423987,14326.4620367,14054.4723736,14228.1255713,48101.117008
2020-09-26,14227.9924323,14406.8913066,14172.2205052,14283.950754,28420.836659
2020-09-27,14283.9374401,14377.68061,14105.8373998,14344.7287075,30549.483253
2020-09-28,14344.7420214,14578.7205,14147.35014,14240.7072068,50095.251734
2020-09-29,14240.6938929,14468.9340806,14160.4909593,14432.9066672,41874.898399
2020-09-30,14433.0398062,14444.7027826,14199.4474307,14347.8441601,39596.027322
2020-10-01,14347.8441601,14538.7788,13895.71743,14138.2034907,60866.332893
2020-10-02,14138.2034907,14198.7950496,13811.83986,14073.324856,50130.393705
2020-10-03,14073.324856,14117.4737484,13974.8818794,14035.5932634,22298.221341
2020-10-04,14035.6065773,14241.7057493,14003.3869393,14201.4445157,23212.001595
2020-10-05,14201.4312018,14376.34922,14133.5569396,14368.6404719,34025.761653
2020-10-06,14368.627158,14379.012,14012.87975,14112.2813274,48674.740471
2020-10-07,14112.2680135,14221.7348993,14041.0652763,14201.1249821,32811.990279
2020-10-08,14201.138296,14578.7205,14020.0825699,14546.1946423,51959.691572
2020-10-09,14546.0215616,14784.6066496,14417.62231,14712.7115896,48240.073237
2020-10-10,14712.7115896,15299.00249,14712.5385089,15035.6801758,43648.036943
2020-10-11,15035.6801758,15237.75855,14939.52719,15136.5995378,29043.851339
2020-10-12,15136.5995378,15603.9041139,14874.28908,15348.5967675,52825.28371
2020-10-13,15348.5834536,15386.87423,15044.707,15205.2193784,42205.283709
2020-10-14,15205.2326923,15374.8650922,15018.0792,15201.6645671,41415.106015
2020-10-15,15201.6645671,15467.2103026,14979.2425537,15317.8017168,48760.717679
2020-10-16,15317.8150307,15365.7716985,14911.568,15070.4294548,48797.749502
2020-10-17,15070.3229436,15181.0679638,14984.79445,15124.856678,22368.915241
2020-10-18,15125.0031309,15317.64195,15106.2438458,15315.1655646,23284.041191
2020-10-19,15315.1655646,15742.3420461,15188.4438644,15645.7896433,47414.534692
2020-10-20,15645.7763294,16027.7787482,15547.4265501,15856.8415861,62134.750663
2020-10-21,15856.8549,17597.8869752,15826.1663605,17016.4423344,114584.456767
2020-10-22,17016.1627425,17554.37715,16879.4689312,17266.1578428,70038.824144
2020-10-23,17266.5838876,17344.9361891,16935.3873112,17205.6461673,50386.999841
2020-10-24,17205.6328534,17530.0526547,17134.9893,17456.8262047,35952.20907
2020-10-25,17456.8262047,17774.0565,17158.95432,17346.4539737,38481.579504
2020-10-26,17347.5323996,17626.0192459,16995.19335,17377.5552441,60951.672986
2020-10-27,17377.5019885,18358.9228131,17334.5247193,18155.0603763,80796.553996
2020-10-28,18155.0470624,18452.3730772,17158.95432,17662.752296,94440.561226
2020-10-29,17662.752296,18164.0339449,17202.5839703,17914.784423,74872.602132
2020-10-30,17914.7711091,18200.0746722,17461.17985,18053.781539,70657.778881
2020-10-31,18053.781539,18772.599,17855.936985,18361.19949,67339.238515
2020-11-01,18361.19949,18499.66405,18110.89817,18321.923485,36285.648526
2020-11-02,18321.9101711,18413.1237,17567.7576195,18039.4957243,64566.421908
2020-11-03,18039.8418857,18727.4781929,17687.5028361,18670.7876067,74115.630787
2020-11-04,18670.7876067,18984.29001,18007.04975,18831.1934739,93016.988262
2020-11-05,18831.1934739,20969.3925,18764.0248484,20756.3967278,143741.522673
2020-11-06,20756.3967278,21248.9844,20191.86074,20742.9496888,122618.197695
2020-11-07,20742.9630027,20974.0789928,19097.7510658,19728.936437,101431.206553
2020-11-08,19728.936437,20836.2535,19576.5987932,20603.393389,65547.178574
2020-11-09,20603.393389,21089.2176,19711.9479006,20408.0917899,108976.334134
2020-11-10,20408.0917899,20583.2894,20067.3225194,20366.5524219,61681.919606
2020-11-11,20366.5524219,21255.64135,20333.8934252,20881.8402936,78469.746458
2020-11-12,20881.8536075,21755.844573,20557.5136896,21690.8194854,102196.356592
2020-11-13,21690.8061715,21941.3072,21238.7992665,21729.216773,75691.881014
2020-11-14,21728.3380556,21737.5912161,20862.8813,21396.0364255,59116.347179
2020-11-15,21394.8514884,21541.8902,21002.3044608,21244.99023,43596.841513
2020-11-16,21244.99023,22473.8632,21121.17096,22252.2799623,81300.675924
2020-11-17,22251.6275812,23777.0543598,22018.52782,23511.5219382,115221.403102
2020-11-18,23511.5219382,24599.9998327,22919.1465855,23666.9484068,149019.788134
2020-11-19,23669.1185725,24204.403922,23080.5110535,23702.4965198,93009.561008
2020-11-20,23702.4832059,25050.3957558,23618.9118556,24837.9724813,88423.018489
2020-11-21,24837.9591674,25251.009601,24375.8603262,24902.052282,75577.458394
2020-11-22,24902.052282,24963.5625,23446.9228954,24516.7879577,81645.737778
2020-11-23,24516.0556932,24984.86474,23965.02,24454.97152,82961.506093
2020-11-24,24454.9848339,25854.2224683,23988.98502,25509.4457139,113581.509241
2020-11-25,25509.4324,25941.0823519,24631.0744753,24922.4358629,93266.576887
2020-11-26,24922.0630737,25183.2817917,21552.54132,22832.6328633,181005.246693
2020-11-27,22832.6328633,23242.9006918,21885.4953312,22819.3855328,85297.024787
2020-11-28,22819.3988467,23805.9055811,22454.6379284,23592.0310915,64910.69997
2020-11-29,23592.0177776,24444.3869695,23321.95863,24211.3138361,55329.016303
2020-11-30,24211.32715,26445.6125924,24211.3138361,26222.8843593,115463.466888
2020-12-01,26222.8843593,26478.68432,23966.5111568,24983.4800944,127698.762652
2020-12-02,24983.4800944,25751.74538,24404.3787,25568.1333851,75911.013478
2020-12-03,25568.1200712,26092.58122,25119.601408,25858.123441,66689.391279
2020-12-04,25858.7092526,25998.05253,24717.6680809,24831.1158228,71283.6682
2020-12-05,24831.1025089,25532.06603,24630.715,25493.0030474,42922.748573
2020-12-06,25493.0030474,25855.5938,25106.02123,25774.911566,37043.091861
2020-12-07,25773.9396513,25856.8053649,25167.1054032,25518.618991,41372.296293
2020-12-08,25518.618991,25688.9570276,24231.298,24396.5368129,61626.947614
2020-12-09,24396.5368129,24816.5371023,23499.0335,24685.6747792,79585.553801
2020-12-10,24685.6880931,24707.0302748,23846.6860568,24304.0318357,52890.675094
2020-12-11,24304.2714859,24354.7577947,23395.6244387,24013.6556767,72610.724259
2020-12-12,24013.6556767,25228.0564374,23992.579773,25041.7017791,49519.978432
2020-12-13,25041.7017791,25843.61129,24911.7980568,25529.3899361,56560.821744
2020-12-14,25529.3899361,25761.06511,25296.41,25660.0658646,47257.201294
2020-12-15,25660.7981291,26055.3023,25362.9795,25864.1546377,61834.366011
2020-12-16,25864.1546377,28704.7684,25667.335254,28405.8979728,114306.33557
2020-12-17,28405.8979728,31687.082,28265.4097,30351.9108524,184882.476748
2020-12-18,30351.8975385,31001.6558002,29756.5665,30764.9479721,79646.134315
2020-12-19,30764.9479721,32181.6534433,30289.1225,31715.8533379,86045.064677
2020-12-20,31715.840024,32346.12005,30701.8534,31228.4447728,76690.145685
2020-12-21,31228.4714006,32090.1869503,29044.27285,30248.7946969,88030.297243
2020-12-22,30249.0210332,31736.476569,29761.093226,31701.4476981,87033.12616
2020-12-23,31701.4476981,32086.499,30089.414,30931.8643364,119047.259733
2020-12-24,30931.3717221,31679.6661577,30227.1063538,31592.819588,69013.834252
2020-12-25,31592.5399961,33004.9717054,31199.260704,32901.9354333,79519.943569
2020-12-26,32901.9354333,35770.4950717,32619.055,35273.0345121,97806.513386
2020-12-27,35273.047826,37840.76658,34216.723,34991.1393074,148455.586214
2020-12-28,34990.9795406,36613.225,34750.61039,36053.2556799,79721.742496
2020-12-29,36053.2689938,36493.3999,34456.3732,36460.11515,69411.592606
2020-12-30,36460.11515,38604.98444,36373.5748,38444.6052006,95356.057826
2020-12-31,38444.6185145,39009.727,37079.2115,38508.6317457,75508.505152
2021-01-01,38508.6317457,39409.144,38110.4662523,39051.9187491,54182.925011
2021-01-02,39051.932063,44335.287,38539.1205767,42841.9067787,129993.873362
2021-01-03,42839.4037655,46303.2278729,42555.2052561,43935.9365695,120957.56675
2021-01-04,43935.9365695,44734.704,37452.0007,42589.4486069,140899.88569
2021-01-05,42590.8332525,45746.5604,39808.561,45200.0647467,116049.997038
2021-01-06,45200.0647467,49180.4948019,44319.31032,48954.3582104,127139.20131
2021-01-07,48954.3582104,53741.55735,48329.457,52499.7432692,132825.700437
2021-01-08,52500.0095472,55851.8105,48595.735,54031.5474059,139789.957499
2021-01-09,54037.0726744,55092.9182,51551.4208,53373.0552258,75785.979675
2021-01-10,53373.0552258,55052.9765,46746.5807429,50792.5551278,118209.544503
2021-01-11,50792.5551278,50945.2921886,40500.8838,47137.1573133,249131.539943
2021-01-12,47145.0125143,48766.15292,43311.44809,45335.4804236,133948.151996
2021-01-13,45332.6978185,50393.1115,43110.4082,49755.8816182,124477.914938
2021-01-14,49755.8816182,53388.739,48863.6506097,52116.595855,102950.389421
2021-01-15,52117.5411419,52919.7701864,45810.46712,48918.2242858,118300.920916
2021-01-16,48911.8469277,50526.2505,47075.021342,47923.3564222,86348.431508
2021-01-17,47923.3564222,49065.049975,45067.5515,47701.8530679,80157.727384
2021-01-18,47697.0334361,49886.9569637,46332.372,48770.5065653,70698.11875
2021-01-19,48758.7770194,50393.1115,47722.4230434,47785.5708711,79611.307769
2021-01-20,47799.4838966,48482.9795809,44468.426,47222.0467397,89368.422918
2021-01-21,47222.0467397,47397.484,40036.22869,41073.5545807,131803.182926
2021-01-22,41076.0309661,45036.3037767,38410.6015,43862.8698863,142971.684049
2021-01-23,43869.3005,44542.98384,41792.5451224,42708.32842,64595.287675
2021-01-24,42708.32842,44030.39869,41139.951,42950.508261,57978.037966
2021-01-25,42949.9091355,46432.22625,42484.6549,42942.919338,88499.226921
2021-01-26,42942.9060241,43831.8618132,41056.5660443,43227.2643003,84972.20691
2021-01-27,43222.2582739,43346.4503331,38932.1335908,40429.1884485,95911.961711
2021-01-28,40423.9161441,44979.6531322,39731.473519,44421.6409554,92621.145617
2021-01-29,44426.0611702,51300.986341,42491.844406,45603.036558,231827.005626
2021-01-30,45595.1547292,46509.44687,43702.87675,45617.2558032,84889.68134
2021-01-31,45617.2691171,45723.5140391,42833.0397213,44059.6626422,68742.280384
2021-02-01,44059.6493283,46222.2261053,42998.7844624,44636.6737543,82718.276882
2021-02-02,44624.3184551,47909.1771187,44492.39102,47219.3972736,78056.65988
2021-02-03,47228.0113669,50143.6489557,47081.1191082,50085.3873293,80784.333663
2021-02-04,50087.2379614,51535.8035953,48145.6586105,49177.0997574,92080.735898
2021-02-05,49177.0864435,51005.7106668,48688.9323,50979.2426336,66681.334275
2021-02-06,50978.0177548,54527.7564589,50880.3203566,52173.1000466,98757.311183
2021-02-07,52165.2049039,52856.183,49728.74789,51652.1937091,84363.679763
2021-02-08,51652.1937091,62301.6627855,50578.0282571,61743.0381693,138597.536914
2021-02-09,61743.0248554,64096.0303441,59860.7456151,61803.6829838,115499.861712
2021-02-10,61803.6829838,62988.0609,58217.69053,59656.3639362,97154.1822
2021-02-11,59656.3639362,64810.600671,58573.1982878,63866.1259189,89561.081454
2021-02-12,63864.9942374,65219.204262,61410.36375,62958.237764,85870.035697
2021-02-13,62972.2839285,64106.4285,61513.5864167,62779.9513291,63768.097399
2021-02-14,62784.0653242,66179.9752277,62594.1957963,64675.9838281,73735.475533
2021-02-15,64679.5519533,65252.6487788,60672.4940981,63788.359429,79398.156784
2021-02-16,63788.359429,67487.0673602,62580.1496318,65415.7839955,88813.266298
2021-02-17,65415.7839955,70056.0642486,65167.54633,69391.6606969,85743.637818
2021-02-18,69388.9446613,69937.9167,67770.280641,68636.616114,60758.046954
2021-02-19,68636.6294279,75047.79152,67515.053178,74432.68934,79659.77802
2021-02-20,74432.68934,76821.8154394,71713.8977627,74346.4019541,80948.205314
2021-02-21,74346.4019541,77690.334392,73862.3085501,76433.1960123,58166.708511
2021-02-22,76438.2286665,76566.2018733,63403.45458,72011.7829613,134019.434944
2021-02-23,72011.7829613,72139.4898901,59769.5054584,65092.98849,169375.025051
2021-02-24,65092.98849,68400.1479361,62560.2719791,66138.395918,91881.209252
2021-02-25,66138.4092319,69287.8389047,62141.7495326,62673.4933847,83310.673121
2021-02-26,62673.4933847,64471.3758129,58723.3258242,61612.5619493,109423.200663
2021-02-27,61612.5752632,64431.28766,59912.55,61385.6398377,66060.834292
2021-02-28,61381.9652013,62093.9792594,57249.77,60093.1663674,83055.369042
2021-03-01,60091.1027129,66289.9081,59846.6861367,66019.6758717,85086.111648
2021-03-02,66031.2989064,66835.778,62638.704164,64493.3970035,64221.06214
2021-03-03,64488.0181879,70084.3696,64040.8042869,67034.6477243,81035.913705
2021-03-04,67034.6477243,68931.2260932,63241.025,64404.7796851,82649.716829
2021-03-05,64404.7796851,65835.8109127,61643.357,64907.5391769,78192.496372
2021-03-06,64901.0153659,65504.388,62668.5273,65081.272258,44399.234242
2021-03-07,65081.272258,68500.0554417,65081.272258,67863.2782325,55235.028032
2021-03-08,67846.4494629,69768.5372642,65603.8028913,69731.7775863,66987.359664
2021-03-09,69731.7909002,73086.65405,68951.9025799,73072.674455,71656.737076
2021-03-10,73059.5868913,76405.3965891,70570.32695,74360.2484101,84749.238943
2021-03-11,74360.2484101,77420.3285,72258.2898198,76918.6074924,81914.812859
2021-03-12,76918.5941785,77329.1415989,73176.9755476,76184.4257908,73405.406047
2021-03-13,76184.4257908,82338.48316,74661.9946397,81465.6105621,83245.091346
2021-03-14,81465.5972482,82179.7681581,78507.7812242,78509.8182509,52601.05275
2021-03-15,78520.1631512,80726.7423677,72693.894,74032.207228,102771.427298
2021-03-16,74032.207228,75807.0699231,70924.9293626,75757.0895425,77986.694355
2021-03-17,75757.0762286,78518.3657747,72059.7396291,78436.1391283,70421.620841
2021-03-18,78436.1391283,80056.4407583,75919.85197,76752.1837424,66580.406675
2021-03-19,76742.65099,79175.10052,74918.3005286,77260.5750139,52392.652961
2021-03-20,77260.5750139,79723.6332,76981.1961363,77356.7945692,44476.941776
2021-03-21,77353.7856278,78004.941849,73825.7219529,76357.2934684,48564.470274
2021-03-22,76357.2934684,77794.0896147,71429.0735,72005.8982175,62581.626169
2021-03-23,72005.8982175,74332.701951,70563.67,72348.9175371,59789.365427
2021-03-24,72351.460492,76155.508,68832.863,69636.5565735,83537.465021
2021-03-25,69636.5698874,70945.77893,67138.7491084,68292.0257542,87400.534538
2021-03-26,68292.0257542,73324.2539094,68186.606294,73260.5202701,63813.774692
2021-03-27,73260.5202701,75490.2923004,71828.4905,74314.3820246,50105.475055
2021-03-28,74314.3820246,75303.0855525,72816.1688576,74261.7788057,39050.387511
2021-03-29,74261.8054335,77760.9246898,72960.1853139,76735.2884033,67857.937398
2021-03-30,76735.2750894,79041.96152,75984.2246765,78214.5958323,55122.443122
2021-03-31,78214.5958323,79617.122,75581.67891,78206.5808645,60975.542666
2021-04-01,78205.1296494,79204.3911,77134.6787755,78179.8066116,47415.61722
2021-04-02,78179.8199255,80149.678,77791.2138123,78485.4538139,47382.418781
2021-04-03,78485.4538139,79606.0980908,75729.4632,75958.3823966,47409.852113
2021-04-04,75958.3957105,77876.7955615,75074.41932,77489.5740939,41314.081973
2021-04-05,77489.5740939,78914.14808,75593.3552003,78725.0773861,54258.01579
2021-04-06,78725.0773861,79211.3675836,76439.1206978,77208.8371985,54201.000727
2021-04-07,77207.3460417,78092.68045,73856.19747,74495.8637955,71228.405659
2021-04-08,74495.8504816,77424.7354009,74158.423,77323.8293528,44283.147019
2021-04-09,77323.8293528,78412.080911,76759.95906,77410.3963306,40831.884911
2021-04-10,77410.4096445,81880.485,77087.4943139,79576.0219907,69906.424117
2021-04-11,79576.0219907,80814.04161,78861.5848028,79886.6352777,41156.715391
2021-04-12,79881.802332,81614.207,79018.7820201,79697.0054,56375.037117
2021-04-13,79697.0187139,84913.0852003,79623.9786585,84643.11925,82848.688746
2021-04-14,84643.1325639,86345.96706,81615.53839,83823.6886467,82616.343993
2021-04-15,83823.6886467,84942.682,82572.8078,84090.5657722,51649.70034
2021-04-16,84088.9148486,84570.7049479,79883.4,81660.539372,91764.139884
2021-04-17,81660.5526859,83219.9299095,79325.4277649,79892.2670574,58912.256128
2021-04-18,79892.2803713,80547.76361,67809.423507,74757.5618139,124882.131824
2021-04-19,74757.5618139,76590.6195659,72190.0693962,74069.4062646,78229.042267
2021-04-20,74069.4062646,75990.7351736,71002.9754444,75123.68075,72744.482151
2021-04-21,75123.68075,75566.9137949,71277.3216678,71612.3127057,66984.756909
2021-04-22,71612.2993918,73920.7432572,67235.195,68820.8272344,104656.631337
2021-04-23,68820.8139205,69407.8237715,63241.025,68067.5001446,132230.780719
2021-04-24,68048.0884784,68122.1936458,64781.6296246,66633.1936976,55361.512573
2021-04-25,66633.1936976,67325.6096949,62482.1327,65327.0069103,58255.645004
2021-04-26,65326.9935964,72369.8603018,64909.8424816,71896.9106321,86310.802124
2021-04-27,71896.8973182,73838.8894,70859.23858,73242.3867383,54064.034675
2021-04-28,73242.3867383,75127.67492,71646.3030924,73021.7088458,55130.459015
2021-04-29,73021.7221597,73487.1894176,69672.8902066,71302.59145,52486.019455
2021-04-30,71302.59145,77171.35857,70580.9913839,76813.5741353,68578.910045
2021-05-01,76817.5416775,77830.4898173,75830.8352346,76954.8346143,42600.351836
2021-05-02,76950.8138165,77102.1529178,74604.7714975,75327.6630119,36812.878863
2021-05-03,75327.6630119,78527.2994016,75136.99465,76114.7541521,57649.931286
2021-05-04,76114.7541521,76155.508,70625.8325991,70829.9613139,85324.625903
2021-05-05,70836.6715195,77313.5776498,70430.531,76469.8624929,77263.923439
2021-05-06,76469.8624929,77699.9204,73492.728,75081.9816152,70181.671908
2021-05-07,75081.9816152,78086.0235,73548.1537657,76308.2850025,74542.747829
2021-05-08,76309.2702311,79217.705,75756.091,78368.3447495,69709.906028
2021-05-09,78374.3093767,78951.427,74871.5953674,77541.2719676,69806.11991
2021-05-10,77541.2586537,79217.705,71096.226,74313.0506346,89586.34925
2021-05-11,74313.0506346,75706.0706777,72387.6743,75449.8979278,64329.54055
2021-05-12,75449.8979278,77220.6333139,64705.554,66078.6431348,99842.789836
2021-05-13,65953.2661385,68389.7630941,61243.94,66131.4327483,147332.002121
2021-05-14,66132.6975688,68543.95137,64971.4991525,66358.4081155,80082.204306
2021-05-15,66362.0161824,67501.473,61982.86145,62259.7772561,89437.449359
2021-05-16,62259.7772561,66297.7499871,58348.6859921,61818.434785,114269.812775
2021-05-17,61812.2171937,62157.27354,55919.71139,57966.1110756,166657.172736
2021-05-18,57966.0844478,60976.7167131,56251.2541278,57049.7685942,116979.860784
2021-05-19,57049.7685942,58028.500011,39941.7,48848.8189251,354347.243161
2021-05-20,48823.7089097,56519.7289213,46398.9415,53956.7632296,203017.596923
2021-05-21,53955.0989921,56184.658,44585.58832,49596.9535939,202100.888258
2021-05-22,49612.0515565,51696.54231,46865.7534618,49860.1960247,126542.243689
2021-05-23,49871.8856289,50953.1473896,41420.8876039,46139.6532975,217136.046593
2021-05-24,46174.5224016,53149.0888,45308.53309,51652.9925431,161630.893971
2021-05-25,51672.5639761,52978.3646603,48488.7178718,51025.1489608,111996.228404
2021-05-26,51025.1489608,54375.29899,50327.1278116,52246.2865549,104780.773396
2021-05-27,52246.2998688,53802.9876846,49440.1957353,51298.4300722,86547.158794
2021-05-28,51298.4433861,51761.5540837,46177.93076,47482.0139511,135377.62972
2021-05-29,47479.7505881,49712.2120262,44778.3203364,46072.9506585,112663.092689
2021-05-30,46072.9506585,48579.75832,44440.46681,47452.4304653,73535.386967
2021-05-31,47452.4171514,49925.79361,45472.0810376,49599.3500959,94160.735289
2021-06-01,49599.3634098,50452.7710859,47485.35574,48852.8130951,81234.66377
2021-06-02,48855.1563415,50892.38275,47823.5288,50018.5648652,67587.372495
2021-06-03,50018.5648652,52557.95164,49487.7663,52252.7837381,75889.106011
2021-06-04,52252.7704242,52309.0749073,47337.7711585,49033.76231,91317.799245
2021-06-05,49033.9620185,50492.96575,46332.372,47281.919348,70459.62149
2021-06-06,47285.7404373,48569.1072,46894.21858,47658.8491709,47650.206637
2021-06-07,47658.8491709,49128.291,44335.287,44671.8490781,77574.952573
2021-06-08,44677.4009744,45357.8078339,41273.09,44442.8766259,123251.189037
2021-06-09,44442.863312,49973.4440581,43132.8021798,49778.0758895,136607.597517
2021-06-10,49778.0758895,51246.53249,47639.79698,48829.6868508,109527.284943
2021-06-11,48832.4960837,50167.307756,47845.8562103,49703.4248522,78466.0053
2021-06-12,49703.4248522,49878.7023457,46066.5733004,47325.7353929,87717.54999
2021-06-13,47325.7487068,52430.1382,46275.12223,51951.5966923,86921.025555
2021-06-14,51951.5833784,54672.2655295,51564.7347,53942.9833431,108522.391949
2021-06-15,53942.9700292,55026.3487,52598.425896,53447.3734156,80679.622838
2021-06-16,53447.053882,53957.4289246,50747.2745539,51057.4884239,87771.976937
2021-06-17,51057.47511,52669.6286332,49747.38735,50716.5993283,79541.307119
2021-06-18,50716.5993283,50862.8791476,46770.7854131,47690.1767776,95228.042935
2021-06-19,47691.0288672,48538.48523,46337.0584928,47242.6699708,68712.449461
2021-06-20,47242.6699708,48113.3990308,44383.21704,47397.6970224,89878.17085
2021-06-21,47397.7103363,47597.1925,41607.5751097,42083.8133127,168778.873159
2021-06-22,42090.7232268,44333.6627042,38350.68895,43282.9030884,204208.179762
2021-06-23,43282.9030884,46440.21459,42182.42937,44838.6456173,126966.100563
2021-06-24,44834.6514473,46995.40422,42986.0164323,46150.0913951,86625.80426
2021-06-25,46150.0780812,47264.345,41639.22225,42051.2208855,116061.130356
2021-06-26,42040.0904651,43576.3947,40142.73989,42982.1287735,107820.375287
2021-06-27,42982.1287735,46264.47111,42569.1315955,46199.6856726,96613.244211
2021-06-28,46202.5481611,46995.0181169,45084.4867808,45926.1515971,82222.267819
2021-06-29,45926.1515971,48728.874,45567.3952477,47812.5182047,90788.79622
2021-06-30,47812.5048908,48063.179,45290.6258945,46658.56255,77152.197634
2021-07-01,46658.56255,46675.2981223,43551.09829,44607.8092191,71708.266112
2021-07-02,44604.6671387,45236.6912856,43535.12161,44983.0748045,56172.181378
2021-07-03,44983.0614906,46526.2356979,44357.5611547,46158.1329907,43044.578641
2021-07-04,46158.1196768,47887.2358115,45742.7659385,46980.1065489,43703.475789
2021-07-05,46982.2634007,46989.7857542,44103.0260145,44854.7154946,64123.874245
2021-07-06,44854.7288085,46756.9256432,44644.16948,45560.1791139,58210.596349
2021-07-07,45560.1924278,46677.3218351,44971.3852003,45083.6879468,53807.521675
2021-07-08,45083.6746329,45173.5833996,42706.99703,43770.3915369,70136.48032
2021-07-09,43770.3915369,45400.399,42952.0659873,45022.0312759,47153.939899
2021-07-10,45022.0312759,45616.08418,43942.2340442,44605.3860893,34761.175468
2021-07-11,44605.3860893,46153.96574,44343.9010933,45612.0766961,31572.647448
2021-07-12,45612.09001,46170.5149177,43480.9872926,44051.2083157,48181.403762
2021-07-13,44051.6210466,44388.5426,42873.7536275,43576.0884803,41126.361008
2021-07-14,43575.2230768,44087.6884017,42005.3545,43696.2464278,46777.823484
2021-07-15,43696.2597417,44182.5099975,41450.16487,42444.7132,51639.576353
2021-07-16,42437.3772411,42936.2357602,41299.7178,41784.1706793,48499.864154
2021-07-17,41784.1573654,42545.7923288,41491.8506909,41965.5059973,34012.242132
2021-07-18,41965.5059973,43183.63465,41418.1715683,42309.6569984,35923.716186
2021-07-19,42309.6703123,42470.00961,40484.1615416,41059.6016135,47340.468499
2021-07-20,41059.6016135,41357.0607673,38980.43642,39662.5740865,61034.049017
2021-07-21,39662.5607726,43746.81262,39252.8521279,42796.8791689,82796.265128
2021-07-22,42796.8791689,43391.7974765,42215.71412,42987.6939837,46148.092433
2021-07-23,42987.3611362,44801.2735,42503.7204048,44780.0910851,50112.863626
2021-07-24,44780.104399,45932.955,44469.9437846,45610.9450146,47977.550138
2021-07-25,45615.4317989,47128.54322,45069.0426568,47105.9362178,47852.928313
2021-07-26,47105.9362178,53987.8645,46872.6234342,49577.768264,152452.512724
2021-07-27,49582.7343487,52646.6355279,48439.96237,52533.8135393,88397.267015
2021-07-28,52532.1359879,54453.851,51620.65308,53281.6419884,101344.528441
2021-07-29,53281.6553023,54107.6896,52190.488,53277.5413072,53998.439283
2021-07-30,53280.2174011,56340.0445269,51009.8512897,56193.1389543,73602.784805
2021-07-31,56193.1256404,56514.84272,54587.1897085,55201.8658437,44849.791012
2021-08-01,55201.8791576,56715.88261,52486.0698939,53049.8203616,53953.186326
2021-08-02,53056.2509753,53894.6805139,51511.4791,52121.0160698,50837.351954
2021-08-03,52119.7379354,52962.6942,50116.2223217,50868.4842995,57117.435853
2021-08-04,50868.4709856,53215.2056274,49938.5216984,52887.0446202,52329.35243
2021-08-05,52887.0313063,55052.9765,49704.383453,54403.8706194,84343.755621
2021-08-06,54403.8706194,57772.2473777,53061.0306654,57032.5803493,75753.941347
2021-08-07,57032.5803493,59513.133,56512.7258099,59343.4340306,73396.740808
2021-08-08,59343.4340306,60325.2809,57597.26279,58307.3862743,69329.092698
2021-08-09,58307.3729604,61848.5907685,56955.53281,61581.314226,74587.884845
2021-08-10,61575.2830293,62175.913,59365.9611494,60691.3998361,53814.643421
2021-08-11,60691.41315,62233.7885233,60366.7403846,60592.89029,52734.901977
2021-08-12,60592.4509313,61534.3427868,58274.9403,59112.38461,55266.108781
2021-08-13,59113.7958834,63754.94154,58870.5908721,63640.442,48239.370431
2021-08-14,63640.4286861,64098.44016,61205.3696317,62666.5435289,46114.359022
2021-08-15,62666.530215,63070.9665553,60578.245,62540.4742098,42110.711334
2021-08-16,62540.4742098,63978.3887237,60791.2674,61112.5184931,52480.574014
2021-08-17,61112.531807,62788.3524,59081.76264,59507.7408705,57039.341629
2021-08-18,59507.7408705,61243.94,58851.8049592,59520.1760531,54099.415985
2021-08-19,59512.2942243,62619.26587,58484.900503,62256.6218618,53411.75392
2021-08-20,62256.6218618,65748.0190561,62073.3826561,65667.4433333,56850.352228
2021-08-21,65667.4433333,66246.0254856,64202.28858,65000.9494993,46745.136584
2021-08-22,65000.9628132,65903.805,63973.2895,65556.6051158,37007.887795
2021-08-23,65556.6051158,67235.195,65276.72031,65888.9600015,52462.541954
2021-08-24,65888.9600015,66383.1054,63374.164,63472.7001739,51014.594748
2021-08-25,63472.7001739,65589.996377,62743.4579292,65202.5885148,44655.830342
2021-08-26,65202.5885148,65707.8776476,61576.7875,62367.4600793,49371.277774
2021-08-27,62367.4467654,65437.7253027,61707.26372,65331.174161,42068.104965
2021-08-28,65331.174161,65636.19561,64368.5525632,65098.7800365,26681.063786
2021-08-29,65098.7800365,66079.9079553,63590.5681306,64929.0011837,32652.283473
2021-08-30,64929.0144976,65089.8064679,62379.61567,62552.5765449,40288.35083
2021-08-31,62552.5765449,64234.3883929,62175.913,62709.6539371,48645.52737
2021-09-01,62709.6539371,65445.80684,61925.61168,64985.8382228,49904.65528
2021-09-02,64985.8249089,67168.7985807,64684.3316434,65566.4840296,54410.770538
2021-09-03,65566.4707157,67900.89,64328.5576076,66568.3550046,59025.644157
2021-09-04,66566.83722,67282.7123091,65730.7243,66457.1839396,34664.65959
2021-09-05,66459.7135806,69099.141,65837.2355,68908.5924632,40544.835873
2021-09-06,68908.5924632,70270.7642,67860.0562687,70116.189821,49249.667081
2021-09-07,70119.252018,70457.1588,57040.8083395,62393.9014847,123048.802719
2021-09-08,62400.3454123,63029.3206761,59129.7193078,61308.2594509,65069.3152
2021-09-09,61308.2594509,63107.8460583,60595.6595812,61770.0254446,50651.66002
2021-09-10,61770.0254446,62619.26587,58757.2895831,59714.0530649,49048.26618
2021-09-11,59702.456658,61227.8701227,59542.7164858,60143.7991291,30440.4081
2021-09-12,60143.7858152,61856.3794,59569.1312634,61277.5442836,32094.28052
2021-09-13,61277.5309697,62415.5632,57742.3843,59833.6385147,65429.15056
2021-09-14,59833.6252008,62908.1775,59372.5914716,62723.8066128,44855.85099
2021-09-15,62712.8359592,64572.415,62152.3740248,64068.3640599,43204.71174
2021-09-16,64068.350746,64648.30423,62603.422329,63557.6561698,40725.08895
2021-09-17,63557.6428559,64106.4285,62175.3271884,62974.7203722,34461.92776
2021-09-18,62974.7203722,65029.348048,62622.6742284,64296.4711086,30906.47038
2021-09-19,64296.4844225,64403.1021337,62347.9019602,62897.1935325,29847.24349
2021-09-20,62897.1935325,63037.6551775,56584.075,57270.5663118,78003.524443
2021-09-21,57271.9243296,58100.52821,52723.044,54233.3461882,84534.080485
2021-09-22,54232.9600851,58581.8922645,54008.3545921,57973.5269179,58349.05542
2021-09-23,57977.2015543,59883.25942,57341.7557351,59733.1585114,48699.57655
2021-09-24,59733.1585114,60178.828,54154.28825,56997.5647923,84113.426292
2021-09-25,56997.5781062,57205.6211076,55447.4407292,56811.2633896,33594.57189
2021-09-26,56811.2500757,58514.5905,54254.1425,57463.990651,49879.99765
2021-09-27,57463.990651,59047.1465,56048.85622,56114.5603165,39776.84383
2021-09-28,56114.5603165,56966.6898582,54437.87432,54622.3250906,43372.2624
2021-09-29,54620.2880639,56703.9001,54259.3082932,55285.0111492,33511.53487
2021-09-30,55285.0244631,58769.3786043,55133.0862363,58346.968499,46381.22781
2021-10-01,58341.5231139,64565.75805,57626.5933117,64095.2581379,66244.87492
2021-10-02,64095.244824,64354.8525601,63148.0673502,63420.629511,30508.98131
2021-10-03,63420.6161971,65541.7734312,62692.49232,64173.0113139,30825.05601
2021-10-04,64173.0113139,65951.8948068,62430.20849,65537.5928666,46796.49372
2021-10-05,65537.5795527,69080.900957,65267.933136,68529.2927661,52125.66793
2021-10-06,68529.2927661,74224.9925,67078.6368499,73645.83785,79877.545181
2021-10-07,73645.83785,73668.8842109,71038.97623,71609.1040558,54917.37766
2021-10-08,71609.1040558,74690.979,71385.9497779,71830.3943877,46160.25785
2021-10-09,71836.0394813,73877.49971,71444.6108213,73159.5077108,55177.08013
2021-10-10,73159.5077108,75305.1625209,72001.5712,72772.44601,89237.836128
2021-10-11,72772.4593239,77006.3194656,72447.6667334,76516.7806765,52933.165751
2021-10-12,76516.7806765,76794.5752,71733.96181,74553.7526327,53471.2855
2021-10-13,74553.7260049,76923.72003,72117.6550941,76377.85013,55808.44492
2021-10-14,76382.9493537,77929.6384306,75646.9835895,76352.4738366,43053.336781
2021-10-15,76352.4738366,83788.36687,75689.5215,82110.0432638,82512.908022
2021-10-16,82110.0432638,83050.0046038,80083.1085,81049.1251423,35467.88096
2021-10-17,81049.1251423,82171.2472621,78502.74857,81918.2032787,39099.24124
2021-10-18,81918.1899648,83472.5345342,79676.3022855,82559.2808776,51798.44844
2021-10-19,82553.635784,85856.01554,81643.7904858,85582.5347201,53628.107744
2021-10-20,85582.5347201,89203.13,84518.501146,87873.6172599,51428.934856
2021-10-21,87873.603946,88723.4834386,82546.18,82803.3379785,68538.64537
2021-10-22,82803.3379785,84852.6667221,79883.4,80799.6892258,52119.35886
2021-10-23,80799.7025397,82210.1904196,79300.4508885,81596.5660825,27626.93678
2021-10-24,81596.5660825,81880.485,79231.8576757,81018.0371858,31226.57676
2021-10-25,81018.0371858,84823.6956757,80748.8035,83982.4569042,36853.83806
2021-10-26,83982.4569042,84268.3063372,82915.108169,83066.3274452,6599.44865
